"Start";"Duration";"Pitch";"Velocity";"Instrument"
0.37866666666666665;0.37866666666666665;69;0.625;"Piano"
0.832;0.43733333333333335;65;0.625;"Piano"
1.2693333333333334;0.39466666666666667;64;0.625;"Piano"
1.664;0.0;65;0.625;"Piano"
