start,end,duration,pitch,velocity,instrument,instr_program,midi_channel
0.0,0.4739583333333333,0.4739583333333333,69,80,Piano,0,0
1.0,1.2364583333333332,0.23645833333333321,65,80,Piano,0,0
1.25,1.4864583333333332,0.23645833333333321,64,80,Piano,0,0
1.5,1.7364583333333332,0.23645833333333321,65,80,Piano,0,0
