"Start";"Duration";"Pitch";"Velocity";"Instrument"
0.48;0.48;69;0.625;"Piano"
0.96;0.30933333333333335;65;0.625;"Piano"
1.2693333333333334;0.20266666666666666;64;0.625;"Piano"
1.472;3.328;65;0.625;"Piano"
