start,end,duration,pitch,velocity,instrument,instr_program,midi_channel
0.0,0.4739583333333333,0.4739583333333333,69,80,,0,0
1.0354166666666667,1.2713541666666666,0.2359374999999999,65,80,,0,0
1.2854166666666667,1.5213541666666666,0.2359374999999999,64,80,,0,0
1.5354166666666667,5.019791666666666,3.484375,65,80,,0,0
