"start";"end";"duration";"pitch";"velocity";"instrument"
0.0;0.9479166666666666;0.9479166666666666;69;0.625;"piano"
2.7786666666666666;3.251583333333333;0.47291666666666643;65;0.625;"piano"
3.3;3.7729166666666663;0.47291666666666643;64;0.625;"piano"
3.8106666666666666;4.283583333333333;0.472916666666666;65;0.625;"piano"
