start,end,duration,pitch,velocity,instrument,instr program,midi channel
0.0,0.5,0.5,69,0,shadow,1,1
1.5328125,2.0067708333333334,0.4739583333333335,69,80,,0,0
3.1942708333333334,3.4302083333333333,0.2359374999999999,65,80,,0,0
3.4442708333333334,3.6802083333333333,0.2359374999999999,64,80,,0,0
3.6942708333333334,3.9307291666666666,0.23645833333333321,65,80,,0,0
