start,end,duration,pitch,velocity,instrument,instr program,midi channel
0.0,0.5,0.5,69,0,shadow,1,1
1.2130208333333332,1.6864583333333334,0.47343750000000007,69,80,,0,0
2.213020833333333,2.5088541666666666,0.2958333333333334,65,80,,0,0
2.5484375,2.784375,0.2359374999999999,64,80,,0,0
2.7984375,3.034375,0.2359374999999999,65,80,,0,0
