start,end,duration,pitch,velocity,instrument,instr_program,midi_channel
0.0,0.4739583333333333,0.4739583333333333,69,80,,0,0
1.0666666666666667,1.3026041666666666,0.2359374999999999,65,80,,0,0
1.3166666666666667,1.5526041666666666,0.2359374999999999,64,80,,0,0
3.3,5.213020833333333,1.9130208333333334,65,80,,0,0
