"start";"end";"duration";"pitch";"velocity";"instrument"
0.0;0.4739583333333333;0.4739583333333333;69;0.625;"Piano"
0.8720000000000001;1.108458333333333;0.236458333333333;65;0.625;"Piano"
1.122;1.3584583333333333;0.23645833333333321;64;0.625;"Piano"
1.3719999999999999;1.6084583333333333;0.23645833333333344;65;0.625;"Piano"
