start,end,duration,pitch,velocity,instrument,instr program,midi channel
0.0,0.5,0.5,69,0,shadow,1,1
0.5,0.9739583333333333,0.4739583333333333,69,80,Piano,0,0
1.5,1.7364583333333332,0.23645833333333321,65,80,Piano,0,0
1.75,1.9864583333333332,0.23645833333333321,64,80,Piano,0,0
2.0,2.236458333333333,0.23645833333333321,65,80,Piano,0,0
