start,end,duration,pitch,velocity,instrument,instr program,midi channel
0.0,0.5,0.5,69,0,shadow,1,1
0.9572916666666667,1.43125,0.47395833333333337,69,80,,0,0
4.772916666666666,5.008854166666667,0.23593750000000036,65,80,,0,0
5.022916666666666,5.258854166666667,0.23593750000000036,64,80,,0,0
5.272916666666666,5.508854166666667,0.23593750000000036,65,80,,0,0
