start,end,duration,pitch,velocity,instrument,instr program,midi channel
0.0,0.5,0.5,69,0,shadow,1,1
1.0,1.4734375,0.47343749999999996,69,80,,0,0
2.0,2.380208333333333,0.38020833333333326,65,80,,0,0
2.6125,2.8484375,0.23593750000000036,64,80,,0,0
2.8625,5.509375,2.6468750000000005,65,80,,0,0
