start,end,duration,pitch,velocity,instrument,instr_program,midi_channel
0.0,0.4739583333333333,0.4739583333333333,69,80,,0,0
0.9291666666666667,1.1651041666666666,0.2359374999999999,65,80,,0,0
1.1791666666666667,1.4151041666666666,0.2359374999999999,64,80,,0,0
1.4291666666666667,1.6651041666666666,0.2359374999999999,65,80,,0,0
