"start";"end";"duration";"pitch";"velocity";"instrument"
0.0;0.8145833333333332;0.8145833333333332;69;0.625;"piano"
1.9466666666666668;2.4195833333333328;0.472916666666666;65;0.625;"piano"
2.4466666666666668;2.9195833333333328;0.472916666666666;64;0.625;"piano"
2.9466666666666663;3.41425;0.4675833333333337;65;0.625;"piano"
