start,end,duration,pitch,velocity,instrument,instr program,midi channel
0.0,0.5,0.5,69,0,shadow,1,1
1.0,1.4734375,0.47343749999999996,69,80,,0,0
2.0,2.4223958333333333,0.4223958333333333,65,80,,0,0
2.7192708333333333,2.955208333333333,0.2359374999999999,64,80,,0,0
2.9692708333333333,5.509375,2.540104166666667,65,80,,0,0
0.0,0.5,0.5,69,0,shadow,1,1
