start,end,duration,pitch,velocity,instrument,instr program,midi channel
0.0,0.5,0.5,69,0,shadow,1,1
0.9572916666666667,1.4307291666666666,0.47343749999999996,69,80,,0,0
3.9625,4.198958333333334,0.23645833333333321,65,80,,0,0
4.2375,5.258854166666667,1.0213541666666668,64,80,,0,0
5.272916666666666,5.508854166666667,0.23593750000000036,65,80,,0,0
