"Start";"Duration";"Pitch";"Velocity";"Instrument"
0.64;0.64;69;0.625;"Piano"
1.2906666666666666;0.256;65;0.625;"Piano"
1.5466666666666666;0.17066666666666666;64;0.625;"Piano"
1.7173333333333334;0.6613333333333333;65;0.625;"Piano"
