"start";"end";"duration";"pitch";"velocity";"instrument"
0.0;0.9479166666666666;0.9479166666666666;69;0.625;"piano"
1.296;1.5515277777777778;0.2555277777777778;65;0.625;"piano"
1.5666666666666669;2.039583333333333;0.472916666666666;64;0.625;"piano"
2.0666666666666664;2.5583333333333327;0.49166666666666625;65;0.625;"piano"
