"start";"end";"duration";"pitch";"velocity";"instrument"
0.0;0.4739583333333333;0.4739583333333333;69;0.625;"piano"
0.9765333333333333;1.1937916666666666;0.21725833333333333;65;0.625;"piano"
1.2073333333333334;1.4437916666666666;0.23645833333333321;64;0.625;"piano"
1.4573333333333334;2.0244583333333335;0.5671250000000001;65;0.625;"piano"
