"Start";"Duration";"Pitch";"Velocity";"Instrument"
0.5108390022675737;0.5108390022675737;69;0.625;"Piano"
0.9752380952380952;0.046439909297052155;65;0.625;"Piano"
0.9752380952380952;0.046439909297052155;64;0.625;"Piano"
0.9752380952380952;0.046439909297052155;65;0.625;"Piano"
