start,end,duration,pitch,velocity,instrument,instr program,midi channel
0.0,0.5,0.5,69,0,shadow,1,1
1.3197916666666667,1.79375,0.47395833333333326,69,80,,0,0
2.3197916666666667,2.5557291666666666,0.2359374999999999,65,80,,0,0
2.5697916666666667,2.8057291666666666,0.2359374999999999,64,80,,0,0
2.8197916666666667,3.05625,0.23645833333333321,65,80,,0,0
