start,end,duration,pitch,velocity,instrument,instr program,midi channel
0.0,0.5,0.5,69,0,shadow,1,1
1.2557291666666668,1.7291666666666667,0.47343750000000007,69,80,,0,0
2.255729166666667,2.521875,0.2661458333333335,65,80,,0,0
2.5484375,2.784375,0.2359374999999999,64,80,,0,0
2.7984375,3.034375,0.2359374999999999,65,80,,0,0
