start,end,duration,pitch,velocity,instrument,instr_program,midi_channel
0.0,0.4739583333333333,0.4739583333333333,69,80,,0,0
1.1333333333333333,3.1401041666666667,2.0067708333333334,65,80,,0,0
4.3109375,4.546875,0.23593750000000036,64,80,,0,0
4.5609375,5.115625,0.5546875,65,80,,0,0
