start,end,duration,pitch,velocity,instrument,instr program,midi channel
0.0,0.5,0.5,69,0,shadow,1,1
1.6395833333333334,2.1130208333333336,0.47343749999999996,69,80,,0,0
4.047916666666667,4.283854166666666,0.2359374999999999,65,80,,0,0
4.297916666666667,4.533854166666667,0.23593750000000036,64,80,,0,0
4.547916666666667,4.783854166666667,0.23593750000000036,65,80,,0,0
