"start";"end";"duration";"pitch";"velocity";"instrument"
0.0;0.9479166666666666;0.9479166666666666;69;0.625;"piano"
2.0;2.4729166666666664;0.47291666666666643;65;0.625;"piano"
3.086666666666667;3.559583333333333;0.472916666666666;64;0.625;"piano"
3.586666666666667;4.9991666666666665;1.4124999999999996;65;0.625;"piano"
