start,end,duration,pitch,velocity,instrument,instr_program,midi_channel
0.0,0.4739583333333333,0.4739583333333333,69,80,,0,0
1.5703125,1.8489583333333333,0.27864583333333326,65,80,,0,0
2.0630208333333333,2.298958333333333,0.2359374999999999,64,80,,0,0
2.3130208333333333,2.558333333333333,0.24531249999999982,65,80,,0,0
