start,end,duration,pitch,velocity,instrument,instr_program,midi_channel
0.0,0.4739583333333333,0.4739583333333333,69,80,,0,0
2.6645833333333333,2.900520833333333,0.2359374999999999,65,80,,0,0
2.9145833333333333,3.150520833333333,0.2359374999999999,64,80,,0,0
3.1645833333333333,3.4192708333333335,0.2546875000000002,65,80,,0,0
