start,end,duration,pitch,velocity,instrument,instr program,midi channel
0.0,0.5,0.5,69,0,shadow,1,1
1.596875,2.0708333333333333,0.47395833333333326,69,80,,0,0
2.596875,3.5479166666666666,0.9510416666666668,65,80,,0,0
3.877083333333333,4.491145833333333,0.6140625000000002,64,80,,0,0
4.505208333333333,4.783854166666667,0.2786458333333339,65,80,,0,0
