start,end,duration,pitch,velocity,instrument,instr program,midi channel
0.0,0.5,0.5,69,0,shadow,1,1
1.5541666666666667,2.0276041666666664,0.47343749999999996,69,80,,0,0
3.1942708333333334,3.4302083333333333,0.2359374999999999,65,80,,0,0
3.4442708333333334,3.6802083333333333,0.2359374999999999,64,80,,0,0
3.6942708333333334,3.9307291666666666,0.23645833333333321,65,80,,0,0
