start,end,duration,pitch,velocity,instrument,instr program,midi channel
0.0,0.5,0.5,69,0,shadow,1,1
1.0,1.4734375,0.47343749999999996,69,80,,0,0
2.0,4.053645833333333,2.0536458333333334,65,80,,0,0
4.852604166666667,5.088541666666667,0.23593750000000036,64,80,,0,0
5.102604166666667,5.509375,0.40677083333333375,65,80,,0,0
