"start";"end";"duration";"pitch";"velocity";"instrument"
0.0;0.4739583333333333;0.4739583333333333;69;0.625;"Piano"
1.0;1.4604583333333332;0.4604583333333332;65;0.625;"Piano"
1.474;1.6997916666666666;0.2257916666666666;64;0.625;"Piano"
1.7133333333333334;1.9497916666666666;0.23645833333333321;65;0.625;"Piano"
